,data,label
0,"[ 3.6655838e-05 -3.7366447e-06  3.4776433e-05 ...  1.7979908e-04
  1.5948735e-04  2.7637873e-04]",5
1,[0.00011985 0.00016175 0.00017247 ... 0.00019442 0.00018132 0.        ],9
2,"[-0.00043892 -0.00073744 -0.00061329 ... -0.00074444 -0.00066346
 -0.00077261]",8
3,"[-4.2890151e-05  9.8912991e-05  2.6636611e-05 ...  1.5603018e-04
  1.6450470e-04  0.0000000e+00]",4
4,"[ 1.26534533e-05  2.38922621e-05 -7.51331982e-06 ...  1.06650514e-04
  1.36820716e-04  0.00000000e+00]",0
5,"[-1.0774565e-04 -1.2805950e-04 -1.3393736e-04 ... -1.5094133e-04
 -7.2799667e-05  0.0000000e+00]",0
6,"[9.2610695e-05 1.8442213e-04 2.1447388e-04 ... 2.8832140e-04 3.0010103e-04
 0.0000000e+00]",7
7,[0.00019866 0.00032259 0.00028757 ... 0.00055774 0.00054479 0.00059554],2
8,[0.00027186 0.00052219 0.00040256 ... 0.00032481 0.00031971 0.        ],1
9,"[-1.0586961e-04 -2.0532755e-04 -2.1400455e-04 ...  5.9976423e-06
 -3.6068202e-05  2.1866206e-05]",7
10,"[4.1106588e-04 6.5146736e-04 5.4718129e-04 ... 8.6492269e-05 9.5051335e-05
 0.0000000e+00]",7
11,"[ 2.9494626e-05  1.2745382e-04  6.9168178e-05 ... -3.4606774e-04
 -3.2283855e-04 -3.9957967e-04]",5
12,[0.00057975 0.00102588 0.0008699  ... 0.00014505 0.00020524 0.        ],4
13,"[-9.2237206e-05 -1.1296836e-04 -1.4122046e-04 ...  1.4867302e-04
  8.0874988e-06  8.6863300e-05]",5
14,"[-4.7012527e-05 -4.3866363e-05 -8.2010025e-05 ...  4.3604261e-04
  3.7255275e-04  3.4433039e-04]",1
15,"[-6.1229563e-05 -1.2801262e-04 -8.7929446e-05 ... -5.0583243e-04
 -4.1997680e-04 -6.1522814e-04]",7
16,[0.00045955 0.00073034 0.00064367 ... 0.00128555 0.0014851  0.        ],7
17,"[-0.00021484 -0.00035942 -0.00028117 ... -0.00030912 -0.00026508
 -0.00027899]",1
18,"[-0.00011997 -0.00020741 -0.0002012  ... -0.00014615 -0.00017389
 -0.00021151]",7
19,"[-0.00017639 -0.00026708 -0.0002467  ... -0.000171   -0.00017326
 -0.00016133]",8
20,"[-1.7762668e-05 -5.3217824e-05 -1.9776460e-05 ...  2.9384458e-04
  3.8320498e-04  0.0000000e+00]",4
21,"[ 2.8974348e-05 -2.6386060e-05 -5.2035775e-05 ...  4.0174628e-04
  3.9734106e-04  0.0000000e+00]",0
22,"[ 7.0666094e-05  2.4423733e-05 -5.1566050e-05 ... -1.9287319e-04
 -2.1479475e-04 -1.9837733e-04]",0
23,"[1.86739970e-04 3.41599633e-04 3.10945703e-04 ... 7.78396934e-05
 8.96245838e-05 1.00803576e-04]",4
24,"[ 4.0511906e-05 -4.6459948e-07  2.1011465e-05 ...  6.0206308e-05
  7.1608076e-05  1.1454108e-04]",3
25,"[-0.0004241  -0.00075395 -0.00068116 ... -0.00179179 -0.00168123
 -0.00180765]",7
26,[0.00017794 0.00029682 0.00021808 ... 0.00046205 0.0005125  0.        ],4
27,"[-1.3053288e-04 -1.5858197e-04 -2.1676619e-04 ...  8.8675341e-05
  5.6221375e-05  0.0000000e+00]",8
28,[0.00026575 0.00040621 0.00028819 ... 0.00027723 0.00037137 0.        ],6
29,"[-2.3562220e-04 -2.9945854e-04 -2.4327806e-04 ... -1.1751523e-04
 -6.2782172e-05  0.0000000e+00]",9
30,"[-0.00028013 -0.00045073 -0.00024961 ...  0.00027744  0.00025683
  0.00029018]",0
31,"[ 7.6119926e-05  1.8449899e-04  8.2559309e-05 ... -7.1906525e-04
 -8.3045539e-04  0.0000000e+00]",4
32,"[-1.20751087e-04 -2.22926596e-04 -1.73507273e-04 ...  1.03816696e-04
  3.68475085e-05  0.00000000e+00]",0
33,"[ 1.5328595e-04 -9.8070632e-05  6.0725204e-05 ...  4.6455977e-04
  7.6441007e-04  8.8814570e-04]",5
34,"[-0.00039933 -0.00060544 -0.00056328 ... -0.0007943  -0.00080525
 -0.00092082]",5
35,"[-0.00036659 -0.00061556 -0.00058981 ... -0.00050871 -0.00060731
  0.        ]",6
36,"[-0.00020374 -0.00034163 -0.00030298 ... -0.0001066  -0.0001128
  0.        ]",9
37,"[-0.00010431 -0.00046916 -0.00046129 ... -0.00016795 -0.00013623
  0.        ]",4
38,"[-6.5517756e-06 -7.9860683e-06  2.5307359e-05 ...  7.1487925e-04
  8.4745151e-04  7.7953067e-04]",8
39,"[-0.00016713 -0.00028099 -0.00017549 ...  0.00015063  0.00013496
  0.00020522]",4
40,"[ 0.00010445  0.00010759  0.00015516 ... -0.00013395 -0.0001161
  0.        ]",6
41,"[-0.00145155 -0.00236347 -0.0020547  ... -0.00067181 -0.00064107
 -0.00071333]",7
42,"[-7.2960298e-05 -1.6738632e-04 -1.5753903e-04 ...  4.6110433e-04
  5.1997800e-04  0.0000000e+00]",1
43,[0.00029405 0.000491   0.00043746 ... 0.00034334 0.00024435 0.00027722],6
44,"[-4.4943095e-05 -4.1861520e-05 -5.4666085e-05 ... -2.5611327e-04
 -2.5404120e-04 -1.9786948e-04]",9
45,"[ 0.00019103  0.00037299  0.00039742 ... -0.00013697 -0.00020456
  0.        ]",7
46,"[-0.00075993 -0.00129093 -0.00107032 ... -0.00104233 -0.00112872
  0.        ]",3
47,"[ 5.4601602e-05  7.4949152e-05  1.2199527e-04 ... -1.9624468e-04
 -1.9739001e-04  0.0000000e+00]",9
48,"[ 4.9651146e-05  3.3735720e-05  4.7251757e-05 ... -6.6475692e-04
 -5.3199567e-04 -4.9344962e-04]",5
49,"[ 9.3431088e-05  1.4450988e-04  1.3567612e-04 ... -2.0685454e-04
 -2.1959284e-04 -2.3730633e-04]",6
50,"[-0.00039657 -0.00064707 -0.00051745 ... -0.00031288 -0.0003469
 -0.00040588]",8
51,"[-0.00051489 -0.0008359  -0.00070433 ...  0.00031222  0.00033743
  0.        ]",8
52,"[ 6.89236958e-06 -1.05535155e-05  1.74170339e-06 ... -8.80541105e-04
 -8.08335026e-04  0.00000000e+00]",9
53,[0.00056034 0.0007791  0.00067    ... 0.00073006 0.00072845 0.        ],5
54,"[-0.00024519 -0.00035282 -0.0003589  ... -0.00088337 -0.00101169
  0.        ]",6
55,"[ 0.00027855  0.00042021  0.00039168 ... -0.00019815 -0.00025889
  0.        ]",0
56,"[ 2.3413253e-04  4.3615163e-04  4.1784844e-04 ... -3.6373103e-04
 -6.0686412e-05  0.0000000e+00]",6
57,"[9.4534393e-05 1.2417012e-04 8.0054873e-05 ... 2.5387021e-04 2.8308781e-04
 0.0000000e+00]",3
58,[0.00021014 0.00033591 0.00028252 ... 0.00027611 0.00029039 0.        ],1
59,"[ 0.0003428   0.00033332 -0.00073222 ... -0.00011851 -0.00018316
  0.        ]",3
60,"[ 2.4507477e-05  1.4757912e-04  1.0172346e-04 ... -1.3282809e-04
 -1.5383288e-04 -1.1195673e-04]",3
61,"[3.2252919e-05 2.1375827e-05 1.1059071e-05 ... 1.0831256e-04 1.5710334e-04
 6.4716449e-05]",3
62,"[1.0626077e-04 1.6204485e-04 1.4950290e-04 ... 9.8797515e-05 1.1961272e-04
 9.0923953e-05]",9
63,"[-3.4249746e-04 -5.9053005e-04 -5.3099095e-04 ... -1.8811612e-04
 -1.8406128e-05  0.0000000e+00]",5
64,"[ 0.00010668  0.00019852  0.0001277  ... -0.00033504 -0.00034526
  0.        ]",2
65,"[-0.00020482 -0.00041454 -0.00036724 ... -0.00060072 -0.0006867
  0.        ]",3
66,"[-0.00011059 -0.00015237 -0.00013909 ... -0.00011117 -0.00010886
  0.        ]",6
67,"[-0.00037663 -0.00067875 -0.00055577 ...  0.00024541  0.00020545
  0.00020307]",9
68,"[-1.0535103e-04 -2.2115998e-04 -2.1076183e-04 ... -7.7880497e-05
 -6.2082021e-05  0.0000000e+00]",4
69,"[-0.00039053 -0.00061875 -0.00054635 ...  0.0001012   0.00011274
  0.        ]",2
70,"[-1.9641097e-04 -3.3653210e-04 -3.0178408e-04 ...  3.1267158e-05
  4.1047835e-05  1.2982749e-05]",8
71,"[ 0.00012717  0.00023888  0.00022098 ... -0.00028708 -0.00035072
  0.        ]",1
72,"[-0.00013011 -0.00013905 -0.00015287 ...  0.00029489  0.00033689
  0.        ]",2
73,"[-4.2212789e-05 -2.2684537e-05 -8.4775646e-05 ...  3.7163798e-05
  4.7525955e-05  0.0000000e+00]",7
74,[0.00029359 0.00048969 0.00042253 ... 0.0005103  0.00049094 0.0005611 ],0
75,"[-7.6094046e-05 -1.4053479e-04 -1.3777716e-04 ...  1.4490022e-05
  1.9361432e-05  0.0000000e+00]",3
76,"[ 9.2006849e-05  9.6125099e-05  1.4320741e-04 ... -1.4465601e-04
 -1.6906872e-04  0.0000000e+00]",2
77,"[-2.1307927e-04 -3.8288883e-04 -3.6033677e-04 ... -4.2902248e-05
 -6.7694506e-05  0.0000000e+00]",1
78,"[-0.0001419  -0.00016216 -0.00014573 ...  0.00039483  0.00046088
  0.        ]",8
79,"[-4.2400308e-04 -7.1383774e-04 -6.4166356e-04 ... -2.6469163e-05
 -3.7772083e-06  0.0000000e+00]",3
80,[0.00010818 0.0002114  0.00017473 ... 0.00020118 0.00029141 0.        ],8
81,"[-0.00041474 -0.00067622 -0.00060899 ...  0.00094397  0.00090444
  0.00094792]",2
82,"[ 6.0658876e-05  1.6117725e-04  1.2459113e-04 ... -2.7263828e-04
 -2.8065444e-04  0.0000000e+00]",0
83,"[-8.2072074e-05 -1.3951593e-04 -1.4861416e-04 ... -2.2021407e-04
 -2.1587111e-04  0.0000000e+00]",9
84,[0.00045814 0.00074685 0.00062721 ... 0.00020158 0.00018469 0.00023198],3
85,"[-0.00095302 -0.00156775 -0.00134569 ... -0.00023994 -0.00030267
  0.        ]",6
86,"[6.6211469e-05 8.6062151e-05 8.9049099e-05 ... 1.6123225e-04 1.6322549e-04
 2.3506735e-04]",1
87,"[-1.4876068e-05 -1.2111880e-05 -2.2718255e-05 ...  2.0285948e-05
  1.6373173e-05 -2.9222550e-05]",8
88,"[ 1.7113713e-05  7.5863436e-06 -1.3450657e-06 ...  1.0111079e-03
  1.0408835e-03  0.0000000e+00]",9
89,[0.00014861 0.00024358 0.00021024 ... 0.00026493 0.00027552 0.        ],1
90,[0.0002095  0.00040682 0.00028243 ... 0.00022583 0.00022552 0.00023777],3
91,"[-8.51607474e-05 -1.14129456e-04 -1.47304629e-04 ...  2.09309626e-04
  2.17161069e-04  0.00000000e+00]",8
92,"[-0.00016669 -0.00027123 -0.00030731 ... -0.0002907  -0.00025041
 -0.00027536]",3
93,[0.0001807  0.00030778 0.00023853 ... 0.00013211 0.00014421 0.        ],1
94,"[ 0.00080124  0.00133592  0.00117816 ... -0.00060137 -0.00058975
 -0.00066566]",9
95,[0.00055567 0.0009315  0.00083247 ... 0.00015472 0.00019679 0.        ],5
96,"[-1.3161570e-04 -2.4126825e-04 -1.9822312e-04 ... -4.6348890e-05
 -5.3701671e-05  0.0000000e+00]",1
97,"[ 2.5487099e-05  7.3138523e-05  2.1742078e-05 ... -3.5323578e-04
 -2.8909030e-04 -3.6604848e-04]",2
98,"[-6.7039684e-05 -9.9681471e-05 -1.2657371e-04 ... -3.9954376e-04
 -4.0571074e-04  0.0000000e+00]",8
99,"[ 0.00026429  0.00046466  0.0004577  ... -0.0002308  -0.00022379
 -0.00027116]",0
100,"[-1.2694093e-04 -1.8038644e-04 -1.2015340e-04 ... -2.3565795e-05
 -5.4424825e-05  0.0000000e+00]",2
101,"[ 4.3961754e-05  3.0044682e-04 -6.1658218e-05 ... -1.5961489e-04
 -2.1385498e-04  0.0000000e+00]",4
102,"[-2.0221276e-04 -3.7780585e-04 -2.8854967e-04 ...  9.4424082e-05
  9.1387308e-05  0.0000000e+00]",2
103,"[-4.3939135e-06 -3.5311737e-06 -8.0481686e-06 ... -1.8085151e-04
 -1.3017183e-04  0.0000000e+00]",6
104,"[-0.00030709 -0.00055671 -0.0004765  ...  0.00091313  0.00100948
  0.        ]",7
105,"[-5.4090589e-05 -1.3994443e-04 -1.3878023e-04 ... -4.8828410e-04
 -4.3277568e-04 -4.8725822e-04]",2
106,"[ 6.3443782e-05  6.2382991e-05  2.9486193e-05 ... -5.6057278e-04
 -5.5011304e-04 -5.8665063e-04]",2
107,"[ 2.9477972e-06 -5.2372889e-05 -4.0059967e-05 ... -5.4857531e-04
 -7.7831274e-04  0.0000000e+00]",6
108,"[ 0.00033643  0.00057439  0.00048619 ... -0.00030823 -0.0003602
  0.        ]",1
109,"[-1.1623175e-05 -1.8493420e-05  3.9712824e-05 ...  7.6092576e-05
  7.1102761e-05  0.0000000e+00]",1
110,"[-6.4000278e-06 -5.0018825e-06 -6.2315089e-06 ...  5.9026317e-04
  5.3413940e-04  5.9503672e-04]",9
111,"[-0.00012105 -0.00018979 -0.00016088 ...  0.00013819  0.00021429
  0.        ]",4
112,"[-0.00015922 -0.00024762 -0.00024724 ... -0.00051768 -0.00050782
 -0.0005812 ]",7
113,"[-5.8048312e-04 -9.8780484e-04 -8.1831537e-04 ...  1.3720613e-05
  2.1816350e-05  0.0000000e+00]",4
114,"[ 0.00038508  0.00065838  0.0006088  ... -0.0013913  -0.0015995
  0.        ]",9
115,"[ 0.00069023  0.00115069  0.00102369 ... -0.00045546 -0.00051871
  0.        ]",9
116,"[-9.9586359e-05 -1.8014791e-04 -1.8736780e-04 ... -1.0355570e-04
 -1.5835055e-04 -1.7119139e-04]",4
117,"[-0.00046596 -0.00070385 -0.00064541 ...  0.00055242  0.00054989
  0.        ]",3
118,"[ 4.8690647e-05  4.6980153e-05 -2.3212615e-05 ... -1.5141950e-04
 -8.6193890e-05  0.0000000e+00]",9
119,"[-1.7623669e-04 -2.8770627e-04 -2.5806873e-04 ...  9.2492774e-05
  9.4434101e-05  1.1132198e-04]",9
120,"[-0.00027718 -0.00045959 -0.00041617 ... -0.00035163 -0.00028393
 -0.00030345]",6
121,"[5.6116231e-05 1.0089301e-04 8.6365741e-05 ... 1.7178080e-04 1.9624238e-04
 2.1267583e-04]",1
122,"[-0.00026143 -0.00043513 -0.0003663  ... -0.00015565 -0.000164
 -0.00011293]",2
123,"[-6.6481093e-06  3.6381778e-05  5.2745589e-05 ... -1.2332374e-04
 -1.1942370e-04  0.0000000e+00]",1
124,"[-0.00010566 -0.00023415 -0.00021212 ... -0.00050604 -0.00058086
  0.        ]",4
125,"[ 4.7677739e-05  6.0397826e-05  4.8804744e-05 ... -1.2677819e-04
 -8.9114830e-05  0.0000000e+00]",9
126,"[ 0.00019327  0.00037991  0.00030637 ... -0.00062426 -0.00076325
  0.        ]",7
127,"[-9.0438960e-05 -1.8425038e-04 -1.7912123e-04 ... -1.0532067e-05
  7.4310934e-05  0.0000000e+00]",9
128,"[ 0.00019241  0.00033366  0.00029176 ... -0.00079612 -0.00095063
  0.        ]",7
129,"[-0.00040579 -0.00065722 -0.00056614 ... -0.00042454 -0.00045909
  0.        ]",2
130,"[ 0.00017681  0.00031188  0.00024897 ... -0.00105946 -0.00115062
  0.        ]",2
131,"[-4.9553430e-05 -1.1826606e-04 -1.2920825e-04 ...  1.1044982e-04
  1.8198408e-04  0.0000000e+00]",0
132,"[-6.0987128e-05 -1.1062814e-04 -5.9101090e-05 ...  1.7686882e-04
  1.0910412e-04  1.7063873e-04]",3
133,"[-0.00101377 -0.00163186 -0.00140393 ... -0.00210043 -0.00196107
 -0.00224936]",1
134,"[-0.00018697 -0.00031393 -0.00024002 ... -0.00047767 -0.00044354
 -0.00069984]",8
135,"[ 2.8084014e-05  5.9817579e-05  4.7468093e-05 ... -1.5040381e-04
 -2.0277058e-04  0.0000000e+00]",0
136,"[-1.4133425e-04 -2.1097016e-04 -1.3589692e-04 ... -7.4754411e-05
 -1.6064359e-06  0.0000000e+00]",7
137,[0.00026259 0.00039851 0.00036244 ... 0.00036054 0.00028805 0.00027936],2
138,"[-6.7333189e-05 -1.5349159e-04 -1.2647657e-04 ... -1.7817254e-04
 -2.3223502e-04  0.0000000e+00]",0
139,"[-5.97187827e-05 -1.02841310e-04 -1.04049395e-04 ... -3.89832217e-04
 -2.88957119e-04  0.00000000e+00]",1
140,"[-5.74809492e-05 -1.19552176e-04 -5.67079514e-05 ...  3.03912948e-05
  8.24661674e-06  0.00000000e+00]",8
141,"[ 2.0831802e-05  3.4516459e-05 -1.3488476e-06 ...  3.3617494e-04
  4.1878744e-04  0.0000000e+00]",2
142,"[-2.5831479e-05 -8.1141652e-06 -1.0297345e-05 ...  1.3741470e-04
  1.9421415e-04  0.0000000e+00]",0
143,"[-0.00120829 -0.002026   -0.00168804 ...  0.00561101  0.00533601
  0.00583686]",5
144,"[ 0.00017766  0.0003265   0.00026957 ... -0.00023778 -0.00023243
  0.        ]",2
145,"[-3.6328936e-05 -7.1725924e-05 -8.6861248e-05 ... -5.0914014e-04
 -5.1910582e-04  0.0000000e+00]",4
146,"[-7.9013380e-06 -4.7054553e-05 -3.6908681e-05 ... -4.6202858e-04
 -3.9414398e-04 -4.2633706e-04]",1
147,"[-7.6475990e-05 -1.3091089e-04 -1.0871870e-04 ... -3.4698084e-04
 -4.3005476e-04  0.0000000e+00]",9
148,"[2.9852268e-05 1.0643879e-04 1.1599759e-04 ... 1.4989622e-04 1.8413078e-04
 0.0000000e+00]",0
149,"[ 5.8838872e-05  1.3033327e-04  1.2440067e-04 ... -3.6345475e-04
 -3.3585913e-04  0.0000000e+00]",5
150,"[-0.00014347 -0.00026107 -0.00013561 ...  0.00030241  0.00025079
  0.        ]",5
151,"[-1.4077248e-05 -6.3057290e-05 -3.3231234e-05 ... -3.3011567e-04
 -3.9189486e-04  0.0000000e+00]",5
152,"[2.5635684e-04 4.2858481e-04 3.7890731e-04 ... 1.1253269e-04 9.5232928e-05
 8.6597574e-05]",4
153,"[ 3.1121395e-05  2.4198989e-05  1.4117207e-05 ... -1.7774850e-04
 -2.5505552e-04  0.0000000e+00]",6
154,"[-0.00033127 -0.0010355  -0.00191403 ...  0.00043085  0.00054719
  0.        ]",5
155,"[ 5.3589396e-05  8.6493324e-05  1.3468054e-04 ... -7.9005527e-05
 -8.8748420e-05  0.0000000e+00]",7
156,[0.00032539 0.00051948 0.00046786 ... 0.00041517 0.00041318 0.00047331],7
157,"[-6.4658940e-05 -1.1598523e-04 -2.6785280e-04 ... -7.9558435e-05
 -1.6320104e-04  0.0000000e+00]",4
158,"[ 1.0281580e-03  1.6509278e-03  1.4365179e-03 ... -7.4969095e-05
 -8.7382556e-05 -1.3264619e-04]",1
159,"[-1.5332195e-04 -2.9302362e-04 -8.3211649e-05 ...  3.3912546e-04
  3.0207730e-04  1.9209177e-04]",3
160,"[-1.2115620e-04 -1.3689643e-04 -1.1062071e-04 ...  8.5877284e-05
  1.1647661e-04  1.4740055e-04]",1
161,"[-0.0004238  -0.00072874 -0.00064293 ... -0.0018436  -0.00189766
  0.        ]",8
162,"[ 0.00012387  0.00021388  0.00019814 ... -0.00022351 -0.00027446
  0.        ]",0
163,"[-6.5248947e-05 -9.3943083e-05 -1.2491515e-04 ... -7.3500513e-04
 -8.0499187e-04  0.0000000e+00]",8
164,[0.0002094  0.0003625  0.00037758 ... 0.00020101 0.00026032 0.        ],7
165,"[ 0.00015574  0.00021334  0.00022956 ... -0.00037903 -0.00041445
  0.        ]",8
166,"[-1.2482778e-04 -1.8330829e-04 -1.5266774e-04 ... -4.6963789e-05
 -2.9456480e-05  9.6824342e-06]",9
167,"[-0.00016064 -0.0002527  -0.00024231 ...  0.00046069  0.00053608
  0.        ]",4
168,"[-7.0365619e-05 -1.5757336e-04 -1.5813386e-04 ... -3.6540479e-04
 -4.1226056e-04  0.0000000e+00]",5
169,"[1.8982415e-05 3.2389671e-05 1.9762820e-05 ... 2.4189911e-04 2.3679643e-04
 0.0000000e+00]",2
170,"[-0.00012677 -0.0002681  -0.00022815 ... -0.0009341  -0.00117809
 -0.00112545]",0
171,"[-0.00012516 -0.00023564 -0.00022372 ...  0.00022804  0.00023924
  0.        ]",0
172,"[-3.2669911e-04 -5.2531529e-04 -4.5253933e-04 ...  8.1294733e-05
  3.1793261e-05  0.0000000e+00]",0
173,"[-5.9880527e-05 -6.9779999e-05 -2.0737716e-06 ...  3.0912107e-04
  3.9925819e-04  5.0864660e-04]",3
174,"[-0.00014167 -0.00021561 -0.00019719 ...  0.00012856  0.00015162
  0.        ]",6
175,"[6.36842815e-05 1.14903916e-04 7.39134994e-05 ... 9.36265642e-05
 1.34135393e-04 0.00000000e+00]",7
176,"[-0.00052395 -0.00088986 -0.00075264 ... -0.00076547 -0.00064119
 -0.00079693]",6
177,[0.00193909 0.00317895 0.00273432 ... 0.00184728 0.00194672 0.        ],6
178,"[-0.00055872 -0.00098802 -0.00086216 ...  0.00125223  0.00145935
  0.        ]",5
179,"[-0.00054716 -0.0009142  -0.00082665 ... -0.00014085 -0.00015271
  0.        ]",2
180,"[-0.00046004 -0.00077829 -0.00058405 ...  0.00030673  0.0002084
  0.00023471]",2
181,"[-0.00044812 -0.000658   -0.00059571 ...  0.00079237  0.00079075
  0.        ]",4
182,"[-0.00025514 -0.00043802 -0.00030671 ...  0.00096871  0.00116836
  0.        ]",6
183,"[ 0.00013787  0.00019675  0.00015364 ... -0.00062064 -0.00063409
 -0.00073032]",3
184,"[-2.48377728e-05 -1.05199346e-04 -7.79433831e-05 ...  6.82610626e-05
  1.11522109e-04  0.00000000e+00]",9
185,"[5.9841368e-05 1.5338005e-04 1.0559979e-04 ... 2.8828334e-04 2.6925272e-04
 3.0052490e-04]",8
186,"[-0.00036272 -0.00062223 -0.00056881 ...  0.00107591  0.00104497
  0.00109127]",9
187,"[1.6190953e-04 2.9345648e-04 2.1700596e-04 ... 7.5151118e-05 1.4742739e-05
 0.0000000e+00]",1
188,[0.00018884 0.00035702 0.0003289  ... 0.00021218 0.00028595 0.        ],8
189,"[-0.00050576 -0.0008194  -0.00071651 ...  0.00056631  0.00052659
  0.00053814]",4
190,"[ 2.1455828e-05  1.3592945e-05  5.0971307e-06 ... -2.7216761e-04
 -3.6130133e-04  0.0000000e+00]",3
191,"[ 0.0001219   0.00017531  0.00010356 ... -0.00084543 -0.00099044
  0.        ]",2
192,"[ 0.00029979  0.00048161  0.00037471 ... -0.0005543  -0.00061923
  0.        ]",4
193,"[-9.9332545e-05 -3.1752704e-04 -1.9626810e-04 ... -7.6100067e-04
 -7.7984680e-04  0.0000000e+00]",4
194,"[-5.7570043e-05 -1.1126373e-04 -1.2819159e-04 ... -5.2069186e-04
 -6.7100488e-04  0.0000000e+00]",2
195,[0.00034228 0.00055966 0.0005164  ... 0.0004812  0.00059093 0.        ],0
196,"[1.9765360e-04 2.6949789e-04 2.4740869e-04 ... 2.1116524e-04 1.4650931e-04
 8.3910054e-05]",9
197,"[ 0.00011893  0.00020037  0.00019835 ... -0.00079117 -0.0008231
  0.        ]",6
198,"[-0.00015171 -0.00023247 -0.00021622 ...  0.00043983  0.00052087
  0.        ]",4
199,"[-5.2658484e-05 -3.0444713e-05 -5.1640451e-05 ... -1.4028831e-04
 -1.4537243e-04 -1.8137707e-04]",3
200,"[-1.4006275e-04 -2.4374211e-04 -2.9704286e-04 ... -7.9999118e-05
 -1.1370287e-04  0.0000000e+00]",6
201,"[-5.62319437e-05 -1.00131605e-04 -1.15706942e-04 ... -7.50066320e-05
 -1.05634907e-04  0.00000000e+00]",3
202,[0.00034352 0.00062931 0.00058978 ... 0.00013205 0.00016283 0.00027743],8
203,"[-3.1394913e-04 -4.6890354e-04 -3.6174996e-04 ... -1.0566989e-04
 -8.1555510e-05 -5.1007446e-05]",7
204,"[-7.2413051e-05 -6.7738962e-05 -9.9688812e-05 ... -1.9703852e-04
 -2.4498053e-04 -2.3030699e-04]",7
205,"[-2.7824097e-05 -1.9489523e-06  4.9579330e-06 ... -5.5618549e-04
 -6.1934150e-04  0.0000000e+00]",7
206,"[3.4921672e-04 5.7235506e-04 4.8346529e-04 ... 5.2307481e-05 6.0095350e-05
 0.0000000e+00]",9
207,"[-8.7220913e-05 -2.0622391e-04 -2.3622059e-04 ...  2.6209344e-04
  2.5937110e-04  3.4955030e-04]",1
208,"[ 0.0001801   0.00025881  0.00025694 ... -0.00361617 -0.00357539
  0.        ]",1
209,"[-0.00065488 -0.0011662  -0.00097083 ... -0.00076265 -0.00081544
  0.        ]",9
210,"[ 0.00016733  0.00020946  0.00013116 ... -0.00024999 -0.00017153
 -0.00020173]",0
211,"[-0.00043523 -0.00070366 -0.00063304 ... -0.0001358  -0.00012326
  0.        ]",0
212,"[ 2.5892138e-04  4.6078255e-04  3.7030628e-04 ... -7.4209529e-06
 -3.5341684e-05  0.0000000e+00]",9
213,"[-1.3521178e-05 -2.2059881e-07  7.4610657e-06 ...  1.4939927e-05
  5.7030480e-05  0.0000000e+00]",6
214,"[ 1.74069370e-04  2.82108696e-04  2.33138882e-04 ... -9.25038767e-05
 -1.03261584e-04  0.00000000e+00]",4
215,"[-0.00029245 -0.00040311 -0.00031962 ... -0.00056813 -0.0006806
  0.        ]",1
216,"[ 1.4649679e-05  1.9779898e-05  5.6933641e-07 ... -3.4873327e-05
 -2.9454093e-06  0.0000000e+00]",8
217,"[2.5750743e-04 4.3984602e-04 3.8407004e-04 ... 6.1471474e-05 7.2750117e-05
 0.0000000e+00]",1
218,"[9.8084136e-05 1.3139952e-04 9.4176030e-05 ... 6.9492533e-05 3.9412975e-05
 0.0000000e+00]",2
219,"[6.2070714e-05 1.2547422e-04 1.2727534e-04 ... 2.3446089e-04 1.9507841e-04
 2.3654748e-04]",3
220,[0.00011977 0.000159   0.00014666 ... 0.00035776 0.00033321 0.        ],5
221,"[ 0.0001344   0.00021295  0.00014532 ... -0.00016061 -0.00018662
  0.        ]",4
222,"[ 0.000277    0.00039634  0.0002792  ... -0.00023488 -0.00032535
  0.        ]",5
223,"[-1.0971611e-06 -4.8854727e-05 -4.5224126e-05 ...  1.2385438e-04
  7.5028707e-05  0.0000000e+00]",6
224,"[-0.00013405 -0.00020637 -0.00019636 ...  0.00049244  0.00044625
  0.00050968]",0
225,"[-0.00020736 -0.00032222 -0.0002784  ...  0.00047718  0.00041467
  0.00044306]",2
226,"[ 2.6551186e-04  3.9521669e-04  3.5776081e-04 ... -3.7379188e-05
 -1.0603419e-04  0.0000000e+00]",4
227,"[ 0.00029032  0.00048537  0.00038821 ... -0.00023039 -0.00018195
 -0.00020302]",1
228,"[-0.00022149 -0.00041175 -0.00034994 ... -0.00023204 -0.00027887
  0.        ]",3
229,"[-7.4103678e-05 -1.6311902e-04 -7.2234798e-05 ...  3.0957747e-04
  3.6345291e-04  0.0000000e+00]",3
230,"[-0.00033203 -0.00054455 -0.0004477  ... -0.01231541 -0.01408327
  0.        ]",0
231,"[-9.0740403e-05 -1.6544455e-04 -1.5305405e-04 ... -7.6628604e-04
 -7.2739285e-04 -8.0412807e-04]",6
232,"[-0.00026439 -0.00044259 -0.00013891 ... -0.00084739 -0.00056225
  0.        ]",6
233,"[ 1.0048209e-04  1.5197210e-04  2.1017983e-04 ... -1.0753184e-04
 -6.8680063e-05  0.0000000e+00]",8
234,"[5.6989388e-06 3.8204515e-05 1.6928192e-05 ... 2.6947146e-04 1.9894665e-04
 2.0092871e-04]",3
235,"[-1.8157338e-05 -3.9022347e-05 -5.8760841e-05 ... -9.9700199e-05
 -1.4387530e-04  0.0000000e+00]",6
236,"[ 0.00017066  0.000331    0.00028058 ... -0.00015147 -0.00017248
 -0.0002186 ]",0
237,"[ 9.8610988e-05  1.7892259e-04  1.5231423e-04 ... -4.0770893e-04
 -3.4384741e-04 -3.9370082e-04]",6
238,"[-0.00012056 -0.00022294 -0.00018622 ... -0.00015402 -0.00012455
 -0.0001867 ]",0
239,"[ 1.4438605e-05  6.0720169e-05  4.9575214e-05 ... -8.1438411e-05
 -9.7480792e-05  0.0000000e+00]",8
240,"[ 0.00046137  0.00076784  0.00069794 ... -0.00060363 -0.00060219
  0.        ]",5
241,"[ 0.00013551  0.00026012  0.00019319 ... -0.00074511 -0.00068055
  0.        ]",6
242,"[-3.6266156e-05 -1.5528152e-05  2.6791893e-05 ...  3.2563100e-04
  2.6966174e-04  0.0000000e+00]",2
243,"[-0.00014017 -0.00021185 -0.00018932 ... -0.00047923 -0.00054076
  0.        ]",2
244,[0.00016411 0.00026694 0.00017124 ... 0.00024713 0.0001696  0.00024005],3
245,"[-5.3299525e-05 -8.1244216e-05 -6.0495902e-05 ... -7.4306520e-04
 -8.7740598e-04  0.0000000e+00]",8
246,"[-0.00013083 -0.00025716 -0.00020868 ...  0.00051092  0.00050382
  0.        ]",4
247,[0.00017551 0.00030222 0.00027646 ... 0.00018821 0.00014519 0.00014269],0
248,"[3.3769054e-05 3.3612803e-05 4.4561802e-05 ... 7.7608560e-04 8.6227275e-04
 0.0000000e+00]",8
249,"[-0.00035156 -0.00065445 -0.00055899 ... -0.0003317  -0.00044833
  0.        ]",1
250,"[-3.9304250e-05 -6.8565023e-05 -7.6930672e-05 ...  4.4290326e-05
  9.0443908e-05  8.3687570e-05]",9
251,"[-0.00014726 -0.00032952 -0.00028166 ... -0.00022214 -0.00015548
 -0.00011494]",5
252,"[-0.00046223 -0.00085977 -0.00079442 ... -0.00029416 -0.00037243
  0.        ]",0
253,"[-0.00039615 -0.00064144 -0.00054914 ... -0.0004251  -0.00046017
  0.        ]",7
254,"[ 8.0260652e-06 -1.8088294e-05 -5.5771827e-05 ...  2.4668392e-04
  2.7940766e-04  2.0224866e-04]",6
255,"[2.4440785e-06 7.9921792e-06 4.3904241e-05 ... 4.0457281e-04 4.3064868e-04
 0.0000000e+00]",0
256,"[ 2.4508729e-05  3.1026026e-05  1.5199464e-05 ... -3.9469060e-03
 -4.6858648e-03  0.0000000e+00]",6
257,"[-1.2712587e-04 -2.0839751e-04 -1.5521940e-04 ... -2.8349716e-05
  1.7198838e-05  0.0000000e+00]",7
258,"[9.2296432e-05 1.8549526e-04 1.4095620e-04 ... 4.5069127e-04 2.5760935e-04
 0.0000000e+00]",5
259,"[-0.00014396 -0.00019638 -0.00010357 ... -0.00107437 -0.00111331
  0.        ]",1
260,"[-2.0843322e-04 -3.2903627e-04 -2.8509015e-04 ...  4.4216446e-05
 -4.4049095e-05  0.0000000e+00]",6
261,[0.00194495 0.00304236 0.00270573 ... 0.00229476 0.00255729 0.        ],4
262,"[-2.4498685e-04 -3.6641260e-04 -1.9677321e-04 ...  1.5914555e-04
 -1.7146082e-05  0.0000000e+00]",5
263,[0.00013533 0.00020968 0.00022007 ... 0.00060501 0.00059907 0.        ],8
264,[0.00055534 0.00089047 0.00075115 ... 0.00034531 0.00041317 0.00049839],3
265,"[ 2.1652049e-05  4.5921177e-05  2.1924301e-05 ... -1.3577176e-04
 -8.5590807e-05  0.0000000e+00]",6
266,"[ 0.00020053  0.00025464  0.00021132 ... -0.00027954 -0.00021167
 -0.0001896 ]",9
267,"[-0.00013838 -0.00023978 -0.00023206 ...  0.00038026  0.00037389
  0.        ]",1
268,"[ 1.1563294e-06  3.5844425e-06  2.0092806e-05 ... -3.3442771e-05
 -4.1708681e-05  0.0000000e+00]",5
269,"[-6.50822112e-05 -1.06369065e-04 -1.18600743e-04 ...  1.10946676e-04
  1.12008362e-04  0.00000000e+00]",3
270,"[6.7117559e-05 5.9217029e-05 3.0192816e-05 ... 1.7207928e-04 3.5278928e-05
 0.0000000e+00]",6
271,"[6.5332119e-05 1.2987523e-04 5.4405500e-05 ... 2.6077789e-04 2.6344837e-04
 0.0000000e+00]",6
272,"[-9.7916818e-05 -2.0344797e-04 -1.2600319e-04 ...  1.1551191e-04
  7.8558849e-05  8.6184613e-05]",2
273,"[-0.00022359 -0.00037236 -0.00031964 ... -0.00037961 -0.00035217
  0.        ]",6
274,"[7.13224144e-05 1.03580671e-04 1.15558665e-04 ... 5.73516125e-04
 6.05040055e-04 0.00000000e+00]",8
275,"[ 1.8356471e-04  2.9891173e-04  2.4216030e-04 ... -6.2634921e-05
 -9.2705166e-05  0.0000000e+00]",0
276,"[-7.1637682e-05 -1.4844173e-04 -9.5178424e-05 ... -9.9880541e-05
 -7.2412768e-05  0.0000000e+00]",5
277,"[ 1.1199961e-04  1.6656733e-04  1.9310624e-04 ... -5.4089254e-05
 -4.5962443e-05  0.0000000e+00]",4
278,"[6.2083636e-05 1.4265611e-04 9.4588118e-05 ... 1.5737231e-04 1.8545517e-04
 0.0000000e+00]",7
279,"[2.1067523e-05 7.9474012e-05 1.1156112e-04 ... 1.1614545e-04 2.1103340e-04
 0.0000000e+00]",9
280,"[ 0.00013416  0.00023099  0.00020742 ... -0.00043308 -0.00046793
  0.        ]",1
281,"[-7.83087162e-05 -1.54891008e-04 -1.12858725e-04 ...  4.34018293e-04
  5.32298291e-04  0.00000000e+00]",6
282,"[-9.3991039e-05 -1.8460784e-04 -1.2551475e-04 ...  1.0933419e-04
  6.7315515e-05  0.0000000e+00]",0
283,[0.00028922 0.00048191 0.0004122  ... 0.00064688 0.00061371 0.00070648],8
284,"[ 0.00018593  0.00032569  0.0002795  ... -0.00022786 -0.0001915
 -0.00019037]",6
285,"[-0.00018951 -0.00029457 -0.00030273 ... -0.00029387 -0.0003374
  0.        ]",3
286,"[-0.00036257 -0.00056985 -0.00050352 ...  0.00030201  0.00032539
  0.        ]",8
287,"[-8.3263167e-08  3.1360247e-05  2.6518564e-05 ... -2.1302559e-04
 -2.6145219e-04  0.0000000e+00]",7
288,[0.00013949 0.00028235 0.00021248 ... 0.00102276 0.00099841 0.00108155],5
289,"[-8.3100953e-05 -6.7966757e-05 -1.0049796e-04 ...  3.0159121e-04
  1.9239282e-04  0.0000000e+00]",5
290,"[9.9539138e-05 1.9356610e-04 1.3859443e-04 ... 3.5550739e-04 3.7287720e-04
 0.0000000e+00]",9
291,"[ 4.0670046e-05  4.2517717e-05  1.6066220e-05 ... -2.4285325e-04
 -2.3529827e-04  0.0000000e+00]",6
292,"[-0.0001873  -0.00031483 -0.00028101 ... -0.0002874  -0.00027988
 -0.00029938]",9
293,"[-0.0001774  -0.00033518 -0.00036085 ...  0.00080235  0.00080116
  0.00088721]",9
294,"[ 4.4412218e-06 -1.4974180e-05 -1.5276020e-05 ...  2.6926195e-04
 -1.2229498e-04  0.0000000e+00]",0
295,"[ 8.0887316e-05  1.2621802e-04  1.2406314e-04 ... -1.5558356e-04
 -1.9623771e-04  0.0000000e+00]",3
296,"[-2.9165025e-05  3.8584290e-05 -1.3386569e-05 ... -3.5229739e-05
 -8.8382163e-05 -9.1165661e-05]",4
297,"[-0.00041607 -0.00073541 -0.00060103 ... -0.00056597 -0.00057064
  0.        ]",8
298,"[-0.0003598  -0.00060395 -0.00047642 ...  0.00100647  0.00143672
  0.        ]",5
299,"[-8.40809880e-05 -1.21582329e-04 -7.98283581e-05 ...  1.21517056e-04
  1.08560671e-04  1.84500037e-04]",2
300,"[ 0.00039293  0.00057938  0.00024455 ... -0.00029241 -0.00047731
 -0.00050654]",5
301,"[-1.6703812e-04 -3.0986167e-04 -3.0012493e-04 ... -7.5207980e-05
 -3.0176352e-05  0.0000000e+00]",3
302,"[-1.3324329e-04 -1.9234477e-04 -1.4064528e-04 ...  1.7363149e-04
  8.9027788e-05  1.6863260e-04]",5
303,"[-0.0006458  -0.00109264 -0.00092304 ... -0.0005233  -0.00053828
  0.        ]",3
304,"[ 0.00011334  0.00018582  0.00020335 ... -0.00013515 -0.00021324
 -0.00016524]",2
305,"[ 2.7726934e-05 -3.7163536e-05 -1.0155242e-04 ... -1.4409116e-04
 -6.1312428e-05  0.0000000e+00]",9
306,"[ 0.00012341  0.0002545   0.00022564 ... -0.00023949 -0.00025447
  0.        ]",4
307,"[ 8.2250062e-06  1.7752302e-05  4.6500509e-06 ... -2.1921782e-04
 -1.7838701e-04 -2.2054587e-04]",2
308,"[-0.00013903 -0.00025955 -0.00024292 ...  0.00094845  0.00105892
  0.        ]",5
309,"[-0.00112671 -0.00187191 -0.00155246 ...  0.00061634  0.00063737
  0.        ]",9
310,"[-0.0002426  -0.00042313 -0.00042191 ... -0.00034157 -0.00041614
  0.        ]",2
311,"[-5.5923369e-06  7.6186375e-06 -4.2267820e-07 ...  1.8878888e-04
  2.0534554e-04  0.0000000e+00]",7
312,"[ 4.8172020e-05  6.4444983e-05  1.0124129e-04 ... -8.5613210e-05
 -9.2647831e-05  0.0000000e+00]",5
313,"[ 0.00028454  0.00045724  0.00040109 ... -0.00019793 -0.00024297
  0.        ]",2
314,"[-0.00010252 -0.00016722 -0.0001238  ... -0.0006325  -0.0007878
  0.        ]",4
315,[0.00042145 0.0006521  0.00055143 ... 0.00049583 0.00057234 0.        ],7
316,"[1.5249887e-05 2.0366198e-05 5.0130079e-06 ... 4.0478670e-04 4.4326921e-04
 0.0000000e+00]",7
317,[0.00015139 0.00024537 0.000219   ... 0.00021057 0.00016639 0.        ],0
318,"[ 4.0349798e-05  7.2143623e-05  6.6039996e-05 ... -5.3546228e-04
 -5.7373062e-04  0.0000000e+00]",5
319,"[ 9.1299138e-05  1.3804500e-04  1.4511817e-04 ... -1.6411358e-04
 -1.2051973e-04 -1.3764590e-04]",7
320,"[ 7.5065655e-05  1.4536975e-04  1.3147711e-04 ... -1.5032648e-03
 -1.4151260e-03 -1.5588247e-03]",3
321,"[ 0.00011511  0.00017893  0.00013772 ... -0.00020838 -0.00029673
  0.        ]",6
322,"[ 1.1146674e-04  1.8937349e-04  1.1879097e-04 ... -2.2583616e-05
 -9.6683587e-05  0.0000000e+00]",1
323,[0.00013412 0.00027224 0.00021809 ... 0.00012439 0.00010565 0.        ],5
324,"[-2.5638912e-04 -4.1816215e-04 -3.1911355e-04 ...  6.1627434e-05
  8.5885134e-05  0.0000000e+00]",7
325,"[-3.3239721e-05 -9.3231734e-05 -3.4230630e-05 ...  1.2745771e-04
  9.7586599e-05  0.0000000e+00]",1
326,[0.00042978 0.00076848 0.00073422 ... 0.00026108 0.00017914 0.00018766],7
327,"[1.4038892e-04 2.7377642e-04 2.0595208e-04 ... 4.5058994e-05 7.5105330e-05
 0.0000000e+00]",1
328,"[ 0.00021046  0.00032484  0.00026966 ... -0.00037265 -0.00043306
  0.        ]",9
329,"[-0.00013249 -0.00025105 -0.00022369 ... -0.00048651 -0.00053746
  0.        ]",4
330,"[-0.00036655 -0.00060697 -0.00050134 ...  0.00020473  0.00018668
  0.        ]",1
331,"[ 6.7080276e-05  6.2217907e-05 -2.2348917e-04 ...  1.4501464e-04
  1.8225136e-04  1.9852912e-04]",3
332,"[-7.6231781e-06 -3.9165367e-05 -4.8740701e-05 ... -7.3920790e-05
 -1.4367817e-04  0.0000000e+00]",1
333,"[-4.1460611e-05 -5.7810779e-05 -3.2162447e-05 ... -2.9517096e-04
 -3.1166093e-04  0.0000000e+00]",1
334,"[-0.00019301 -0.00034277 -0.00032239 ... -0.00014212 -0.00019253
  0.        ]",8
335,"[-1.0333467e-04 -1.6320458e-04 -1.3443126e-04 ... -6.1421684e-05
 -5.4229145e-05  0.0000000e+00]",7
336,"[-2.9499221e-05 -8.3888095e-05 -3.6537665e-05 ...  1.4198148e-04
  7.4734489e-05  0.0000000e+00]",8
337,"[-0.00018002 -0.00031933 -0.00028573 ...  0.00017889  0.00015544
  0.00018123]",3
338,"[ 2.6849561e-05 -2.0467132e-06 -1.7072301e-05 ... -3.3696295e-05
 -2.6661264e-05  0.0000000e+00]",8
339,"[-9.1025991e-05 -1.7872124e-04 -1.4459172e-04 ... -1.8481855e-04
 -2.1395988e-04  0.0000000e+00]",4
340,"[ 4.3506636e-05  6.4328822e-05  2.8872641e-05 ... -3.0313055e-05
 -6.5531967e-05 -1.5626611e-06]",5
341,"[-8.5233740e-05 -1.4935195e-04 -1.7689110e-04 ... -2.0419444e-04
 -1.7179984e-04  0.0000000e+00]",3
342,"[-0.00012859 -0.0001961  -0.00010462 ... -0.00050332 -0.00047513
 -0.00054528]",1
343,"[-0.00034463 -0.00056857 -0.00056521 ...  0.00028961  0.00039998
  0.        ]",4
344,[0.00032018 0.00050149 0.00039719 ... 0.00032469 0.00029011 0.00031226],2
345,"[ 0.00013677  0.0002196   0.00021155 ... -0.00018235 -0.00018028
 -0.00023183]",2
346,"[-1.05052706e-04 -9.46814907e-05 -8.89277508e-05 ... -3.82181781e-04
 -4.64416284e-04  0.00000000e+00]",0
347,[0.00010534 0.00018555 0.00013328 ... 0.00018595 0.00021596 0.        ],6
348,"[-1.8111762e-04 -3.4337261e-04 -2.8331488e-04 ... -6.8300105e-05
 -1.1679918e-04  0.0000000e+00]",3
349,"[3.4579163e-04 6.3158892e-04 5.3700479e-04 ... 6.3645566e-05 5.2368625e-05
 0.0000000e+00]",1
350,"[-0.00026689 -0.00045659 -0.00038395 ...  0.00087954  0.00086137
  0.00092022]",8
351,"[ 0.00094749  0.00068367  0.00088971 ... -0.00030112 -0.00035734
  0.        ]",5
352,"[-1.7994766e-07  3.1395008e-05  4.0007868e-05 ...  1.5291380e-04
  1.6027801e-04  1.5881639e-04]",5
353,"[2.0825339e-05 3.0609743e-05 2.5477977e-05 ... 2.1611650e-04 2.6671690e-04
 0.0000000e+00]",7
354,"[-1.0035082e-04 -1.4296180e-04 -1.5440780e-04 ... -5.6723879e-05
 -7.5458331e-05  0.0000000e+00]",4
355,"[ 4.7324520e-05  1.0305498e-04  8.2738516e-05 ... -3.1522743e-04
 -3.0438966e-04  0.0000000e+00]",0
356,"[2.5228117e-04 4.7557527e-04 4.2555598e-04 ... 7.6981654e-05 5.7390393e-05
 0.0000000e+00]",9
357,"[-6.9810294e-06  3.1707608e-05 -3.3000226e-06 ... -5.3994510e-05
 -1.8767934e-05  0.0000000e+00]",1
358,"[-0.00267009 -0.00445077 -0.00383055 ...  0.00702887  0.00671261
  0.00744584]",0
359,"[-4.8159171e-05 -4.7718899e-05 -6.1202169e-05 ... -4.2019112e-04
 -4.4081002e-04  0.0000000e+00]",2
360,"[-0.00067066 -0.00107706 -0.00095534 ...  0.00120327  0.00130027
  0.        ]",7
361,"[-4.6084353e-04 -6.7226263e-04 -7.2526326e-04 ...  6.9703281e-05
  3.6134123e-05  2.3829814e-05]",4
362,"[3.9254638e-04 6.3986576e-04 5.6580268e-04 ... 1.0061224e-04 9.2701477e-05
 1.1014400e-04]",9
363,[0.00039319 0.00061388 0.00053618 ... 0.00047381 0.00058065 0.        ],8
364,[0.00022188 0.00037109 0.00034005 ... 0.00041003 0.0003064  0.        ],6
365,"[-4.95924432e-05 -1.17924836e-04 -5.52810525e-05 ...  2.36849606e-04
  1.14443916e-04  0.00000000e+00]",0
366,"[ 2.0040443e-05  9.1638634e-05  8.7306078e-05 ... -6.5626565e-04
 -6.0418417e-04 -7.3971786e-04]",9
367,"[-6.4704451e-04 -1.0722973e-03 -8.9434301e-04 ...  3.9315851e-06
  3.5917179e-05  0.0000000e+00]",2
368,"[-0.00027957 -0.00048541 -0.00041117 ... -0.00034494 -0.00041432
  0.        ]",3
369,"[-0.00395587 -0.00670825 -0.0059949  ...  0.00243846  0.00230529
  0.00257118]",0
370,"[ 1.3790592e-05  4.0121263e-06 -3.4471468e-05 ... -4.2115487e-04
 -4.6993681e-04  0.0000000e+00]",1
371,"[ 0.00015033  0.00025638  0.00026738 ... -0.00011236 -0.00018612
  0.        ]",7
372,"[-9.8590681e-05 -1.7796860e-04 -1.7649950e-04 ...  6.1151624e-04
  6.2817789e-04  0.0000000e+00]",0
373,"[-1.0658298e-05 -2.0698613e-05 -1.7752713e-05 ... -5.4760021e-05
 -9.4978903e-05  0.0000000e+00]",9
374,"[ 0.00028039  0.00045388  0.00042686 ... -0.00051419 -0.00062536
  0.        ]",7
375,[0.00016516 0.00030878 0.00028505 ... 0.00021389 0.00023202 0.        ],5
376,"[ 0.00074263  0.00120735  0.00102222 ... -0.00075218 -0.00083415
  0.        ]",2
377,"[ 5.5541983e-04  9.4648986e-04  7.6684781e-04 ... -4.9247348e-05
 -4.9664534e-04  0.0000000e+00]",9
378,"[-3.3744280e-05 -4.8094076e-05 -4.9457682e-05 ... -1.4541023e-05
  3.7809059e-05  0.0000000e+00]",4
379,"[ 6.2519262e-05  1.4031601e-04  1.0501118e-04 ... -7.7766308e-05
 -5.1758539e-05  0.0000000e+00]",4
380,"[-0.00014911 -0.00029818 -0.0003147  ...  0.00063822  0.00060263
  0.00060957]",7
381,"[ 0.00024224  0.00035614  0.00034892 ... -0.00045263 -0.00043464
 -0.00044134]",5
382,[0.00024546 0.00042378 0.00031925 ... 0.00015773 0.00025218 0.        ],2
383,"[-0.00021123 -0.00032994 -0.00030627 ... -0.00010947 -0.0002729
  0.        ]",8
384,"[-0.00012507 -0.0001654  -0.00014452 ... -0.00058753 -0.00058796
 -0.00063428]",0
385,"[-1.4197685e-05 -5.2285388e-05 -9.2692235e-06 ...  5.6315493e-04
  6.7858538e-04  0.0000000e+00]",8
386,"[ 3.8208952e-04  7.1189087e-04  6.4128893e-04 ... -6.7399531e-05
 -9.5150623e-05  0.0000000e+00]",7
387,[0.0002229  0.00040377 0.00038706 ... 0.00016073 0.00012063 0.        ],6
388,"[1.7444261e-04 2.3562500e-04 1.9387936e-04 ... 8.8533641e-05 8.5631524e-05
 0.0000000e+00]",4
389,"[ 9.0634730e-06  6.9143251e-05  1.2105148e-04 ... -1.5418067e-04
 -1.8810247e-04 -2.5214063e-04]",2
390,"[7.5120020e-05 7.7195524e-05 7.0967857e-05 ... 5.8850105e-04 6.5321545e-04
 0.0000000e+00]",7
391,"[-3.4256998e-05 -1.0632261e-04 -1.3240003e-04 ...  3.6652366e-04
  3.8759856e-04  0.0000000e+00]",3
392,"[-0.00011619 -0.0001768  -0.00016126 ... -0.00067105 -0.00072504
  0.        ]",2
393,"[-1.0718192e-05 -8.9960995e-06  2.9960011e-06 ...  7.9353747e-05
  1.0262170e-04  0.0000000e+00]",8
394,"[-1.5550498e-04 -2.8512385e-04 -2.5307064e-04 ...  4.6840163e-05
  9.1631828e-06 -6.5385202e-06]",3
395,"[-0.00043607 -0.00071744 -0.00058036 ...  0.00029387  0.00038065
  0.        ]",8
396,"[-9.3324561e-05 -2.1385048e-04 -2.1902373e-04 ... -2.1659260e-04
 -2.1296628e-04  0.0000000e+00]",5
397,[0.00050616 0.00076859 0.00072309 ... 0.000755   0.00079122 0.        ],3
398,[0.00032126 0.0005708  0.00051096 ... 0.00041208 0.00048524 0.        ],8
399,"[-0.00026868 -0.00042159 -0.00031781 ... -0.00075416 -0.00084743
  0.        ]",5
